User ID,Name,Hashed Password,Salt
D003,Tim,b//WDv8wI6+FgaZnBvfErQ==:XHFSoIU8OM9PwrssTlgpXA==,XHFSoIU8OM9PwrssTlgpXA==
P005,,+1sBpknmhKeqYl16MPqOxg==:6/+ar2k36i+5mRzvKkh9Iw==,6/+ar2k36i+5mRzvKkh9Iw==
D002,Emily Clarke,BKTWgX0KNYeBuU2ioyz7pg==:Qd0CBqxs9SUWOtFFG7HGaQ==,Qd0CBqxs9SUWOtFFG7HGaQ==
D001,Funny Name ,kjWzzAnFhH3yYva9tNLrQw==:KhSZXemSc7WTXrKyQOzzcg==,KhSZXemSc7WTXrKyQOzzcg==
P001,,ogqyuNzw9hzZgoiyp780Ew==:QijBZcN4bqUMqHv6BdCQZQ==,QijBZcN4bqUMqHv6BdCQZQ==
P002,Alan,dHSUeNgvxsgGfB5zrBCK8Q==:0Fb9bTSVUrMJL2hnpfJ/fw==,0Fb9bTSVUrMJL2hnpfJ/fw==
P1003,Charlie White,fzrTfaYRuoxiQqMJaLtJMQ==:3N+dMD0alK875IOseBZjeA==,3N+dMD0alK875IOseBZjeA==
P1001,Alice Brown,E0mR0uHdYy8NJlCm7v0e2A==:drKPEOuagJ2HiYDbJJ6YwA==,drKPEOuagJ2HiYDbJJ6YwA==
A001,Sarah Lee,feqwA++7+CcFInVTY20vZg==:7fIrm3HMSvDrBoVcrJngrw==,7fIrm3HMSvDrBoVcrJngrw==
P1002,Bob Stone,tJRDesJMZarYFOfBBeXRZA==:UkQc4rWa4SkHsQ2mop0tFQ==,UkQc4rWa4SkHsQ2mop0tFQ==
